method,parameter,repetition,runtime_s
FIGFAN,15,0,0.0025588800000377887
FIGFDN,15,0,0.0025588800000377887
FIGFAN,15,1,0.001519680999990669
FIGFDN,15,1,0.001519680999990669
FIGFAN,15,2,0.0014161060000787984
FIGFDN,15,2,0.0014161060000787984
FIGFAN,15,3,0.0014728329999798007
FIGFDN,15,3,0.0014728329999798007
FIGFAN,15,4,0.0014108369999803472
FIGFDN,15,4,0.0014108369999803472
FIGFAN,15,5,0.0014628039999706743
FIGFDN,15,5,0.0014628039999706743
FIGFAN,15,6,0.0014320459999908053
FIGFDN,15,6,0.0014320459999908053
FIGFAN,15,7,0.0014501100000643419
FIGFDN,15,7,0.0014501100000643419
FIGFAN,15,8,0.0014425560000290716
FIGFDN,15,8,0.0014425560000290716
FIGFAN,15,9,0.0014152660000945616
FIGFDN,15,9,0.0014152660000945616
FIGFAN,15,10,0.0014451819999976578
FIGFDN,15,10,0.0014451819999976578
FIGFAN,15,11,0.0014188510000394672
FIGFDN,15,11,0.0014188510000394672
FIGFAN,15,12,0.0014524650000566908
FIGFDN,15,12,0.0014524650000566908
FIGFAN,15,13,0.0014081420000593425
FIGFDN,15,13,0.0014081420000593425
FIGFAN,15,14,0.001427378000016688
FIGFDN,15,14,0.001427378000016688
FIGFAN,15,15,0.0015809559999979683
FIGFDN,15,15,0.0015809559999979683
FIGFAN,15,16,0.0014405120000446914
FIGFDN,15,16,0.0014405120000446914
FIGFAN,15,17,0.001418781999973362
FIGFDN,15,17,0.001418781999973362
FIGFAN,15,18,0.0014002259999870148
FIGFDN,15,18,0.0014002259999870148
FIGFAN,15,19,0.0028411999999207183
FIGFDN,15,19,0.0028411999999207183
FIGFAN,15,20,0.003169886999899063
FIGFDN,15,20,0.003169886999899063
FIGFAN,15,21,0.003310609999971348
FIGFDN,15,21,0.003310609999971348
FIGFAN,15,22,0.0031709589999309173
FIGFDN,15,22,0.0031709589999309173
FIGFAN,15,23,0.0019222099999751663
FIGFDN,15,23,0.0019222099999751663
FIGFAN,15,24,0.0014169690000471746
FIGFDN,15,24,0.0014169690000471746
FIGFAN,15,25,0.0014932209999187762
FIGFDN,15,25,0.0014932209999187762
FIGFAN,15,26,0.0013806100000692823
FIGFDN,15,26,0.0013806100000692823
FIGFAN,15,27,0.0014237610000691348
FIGFDN,15,27,0.0014237610000691348
FIGFAN,15,28,0.0013710029999174367
FIGFDN,15,28,0.0013710029999174367
FIGFAN,15,29,0.0013626960000010513
FIGFDN,15,29,0.0013626960000010513
FIGFAN,31,0,0.0015046329999677255
FIGFDN,31,0,0.0015046329999677255
FIGFAN,31,1,0.0015112950000002456
FIGFDN,31,1,0.0015112950000002456
FIGFAN,31,2,0.0014378870000655297
FIGFDN,31,2,0.0014378870000655297
FIGFAN,31,3,0.0014845050000076299
FIGFDN,31,3,0.0014845050000076299
FIGFAN,31,4,0.0014091740000594655
FIGFDN,31,4,0.0014091740000594655
FIGFAN,31,5,0.0014578540000229623
FIGFDN,31,5,0.0014578540000229623
FIGFAN,31,6,0.0014306739999483398
FIGFDN,31,6,0.0014306739999483398
FIGFAN,31,7,0.001418851999915205
FIGFDN,31,7,0.001418851999915205
FIGFAN,31,8,0.001460028999986207
FIGFDN,31,8,0.001460028999986207
FIGFAN,31,9,0.0014297220000116795
FIGFDN,31,9,0.0014297220000116795
FIGFAN,31,10,0.001477041000043755
FIGFDN,31,10,0.001477041000043755
FIGFAN,31,11,0.0014458819999845218
FIGFDN,31,11,0.0014458819999845218
FIGFAN,31,12,0.0014528850000488092
FIGFDN,31,12,0.0014528850000488092
FIGFAN,31,13,0.0014195630000131132
FIGFDN,31,13,0.0014195630000131132
FIGFAN,31,14,0.0014372859999411958
FIGFDN,31,14,0.0014372859999411958
FIGFAN,31,15,0.0014078010000275754
FIGFDN,31,15,0.0014078010000275754
FIGFAN,31,16,0.001396018999912485
FIGFDN,31,16,0.001396018999912485
FIGFAN,31,17,0.0014267560000007506
FIGFDN,31,17,0.0014267560000007506
FIGFAN,31,18,0.0013974820000157706
FIGFDN,31,18,0.0013974820000157706
FIGFAN,31,19,0.001432578000049034
FIGFDN,31,19,0.001432578000049034
FIGFAN,31,20,0.0013941049999175448
FIGFDN,31,20,0.0013941049999175448
FIGFAN,31,21,0.0013862409999774172
FIGFDN,31,21,0.0013862409999774172
FIGFAN,31,22,0.0015074990000130128
FIGFDN,31,22,0.0015074990000130128
FIGFAN,31,23,0.001414173000057417
FIGFDN,31,23,0.001414173000057417
FIGFAN,31,24,0.0014317060000621495
FIGFDN,31,24,0.0014317060000621495
FIGFAN,31,25,0.0014003269999420809
FIGFDN,31,25,0.0014003269999420809
FIGFAN,31,26,0.0014327379999485856
FIGFDN,31,26,0.0014327379999485856
FIGFAN,31,27,0.0014053759999796966
FIGFDN,31,27,0.0014053759999796966
FIGFAN,31,28,0.0014057170000114638
FIGFDN,31,28,0.0014057170000114638
FIGFAN,31,29,0.0014296930000909924
FIGFDN,31,29,0.0014296930000909924
FIGFAN,63,0,0.0015562700000373297
FIGFDN,63,0,0.0015562700000373297
FIGFAN,63,1,0.0014455119999183808
FIGFDN,63,1,0.0014455119999183808
FIGFAN,63,2,0.0014930009999716276
FIGFDN,63,2,0.0014930009999716276
FIGFAN,63,3,0.0014568419999250182
FIGFDN,63,3,0.0014568419999250182
FIGFAN,63,4,0.001473974999953498
FIGFDN,63,4,0.001473974999953498
FIGFAN,63,5,0.0014346620000651455
FIGFDN,63,5,0.0014346620000651455
FIGFAN,63,6,0.0014885830000821443
FIGFDN,63,6,0.0014885830000821443
FIGFAN,63,7,0.001446223000016289
FIGFDN,63,7,0.001446223000016289
FIGFAN,63,8,0.0014803770000071381
FIGFDN,63,8,0.0014803770000071381
FIGFAN,63,9,0.0014271070000404507
FIGFDN,63,9,0.0014271070000404507
FIGFAN,63,10,0.0014593180000019856
FIGFDN,63,10,0.0014593180000019856
FIGFAN,63,11,0.0015594549998922957
FIGFDN,63,11,0.0015594549998922957
FIGFAN,63,12,0.0014532769999959783
FIGFDN,63,12,0.0014532769999959783
FIGFAN,63,13,0.0014327879999882498
FIGFDN,63,13,0.0014327879999882498
FIGFAN,63,14,0.0015082790000633395
FIGFDN,63,14,0.0015082790000633395
FIGFAN,63,15,0.0014392400000815542
FIGFDN,63,15,0.0014392400000815542
FIGFAN,63,16,0.0014271579999558526
FIGFDN,63,16,0.0014271579999558526
FIGFAN,63,17,0.001469477000000552
FIGFDN,63,17,0.001469477000000552
FIGFAN,63,18,0.001418781999973362
FIGFDN,63,18,0.001418781999973362
FIGFAN,63,19,0.0014674330000161717
FIGFDN,63,19,0.0014674330000161717
FIGFAN,63,20,0.0014401109999653272
FIGFDN,63,20,0.0014401109999653272
FIGFAN,63,21,0.0014843950000340556
FIGFDN,63,21,0.0014843950000340556
FIGFAN,63,22,0.0014354730000150084
FIGFDN,63,22,0.0014354730000150084
FIGFAN,63,23,0.001458775999935824
FIGFDN,63,23,0.001458775999935824
FIGFAN,63,24,0.0014350120000017341
FIGFDN,63,24,0.0014350120000017341
FIGFAN,63,25,0.0014734640000142463
FIGFDN,63,25,0.0014734640000142463
FIGFAN,63,26,0.0014719419999664751
FIGFDN,63,26,0.0014719419999664751
FIGFAN,63,27,0.0014312450000488752
FIGFDN,63,27,0.0014312450000488752
FIGFAN,63,28,0.0014719220000642963
FIGFDN,63,28,0.0014719220000642963
FIGFAN,63,29,0.0014282790000379464
FIGFDN,63,29,0.0014282790000379464
FIGFAN,127,0,0.0018158870000206662
FIGFDN,127,0,0.0018158870000206662
FIGFAN,127,1,0.0017428900000595604
FIGFDN,127,1,0.0017428900000595604
FIGFAN,127,2,0.0017634880000514386
FIGFDN,127,2,0.0017634880000514386
FIGFAN,127,3,0.001769029000001865
FIGFDN,127,3,0.001769029000001865
FIGFAN,127,4,0.001753649999955087
FIGFDN,127,4,0.001753649999955087
FIGFAN,127,5,0.001729886000020997
FIGFDN,127,5,0.001729886000020997
FIGFAN,127,6,0.0017577070000243111
FIGFDN,127,6,0.0017577070000243111
FIGFAN,127,7,0.0017634979999456846
FIGFDN,127,7,0.0017634979999456846
FIGFAN,127,8,0.0017624460000433828
FIGFDN,127,8,0.0017624460000433828
FIGFAN,127,9,0.0017438720000200192
FIGFDN,127,9,0.0017438720000200192
FIGFAN,127,10,0.0017657619999909002
FIGFDN,127,10,0.0017657619999909002
FIGFAN,127,11,0.0017616549999956987
FIGFDN,127,11,0.0017616549999956987
FIGFAN,127,12,0.0017536990000053265
FIGFDN,127,12,0.0017536990000053265
FIGFAN,127,13,0.00173505500004012
FIGFDN,127,13,0.00173505500004012
FIGFAN,127,14,0.0017582880000190926
FIGFDN,127,14,0.0017582880000190926
FIGFAN,127,15,0.0018003169999474267
FIGFDN,127,15,0.0018003169999474267
FIGFAN,127,16,0.0017606029999797101
FIGFDN,127,16,0.0017606029999797101
FIGFAN,127,17,0.0017514559999654011
FIGFDN,127,17,0.0017514559999654011
FIGFAN,127,18,0.0017441620000226976
FIGFDN,127,18,0.0017441620000226976
FIGFAN,127,19,0.001764670999932605
FIGFDN,127,19,0.001764670999932605
FIGFAN,127,20,0.0017713029999413266
FIGFDN,127,20,0.0017713029999413266
FIGFAN,127,21,0.0017591999999240215
FIGFDN,127,21,0.0017591999999240215
FIGFAN,127,22,0.001735285999984626
FIGFDN,127,22,0.001735285999984626
FIGFAN,127,23,0.0019024790000230496
FIGFDN,127,23,0.0019024790000230496
FIGFAN,127,24,0.0017784970000320754
FIGFDN,127,24,0.0017784970000320754
FIGFAN,127,25,0.002053882000041085
FIGFDN,127,25,0.002053882000041085
FIGFAN,127,26,0.0017700610000019878
FIGFDN,127,26,0.0017700610000019878
FIGFAN,127,27,0.0017617150000432957
FIGFDN,127,27,0.0017617150000432957
FIGFAN,127,28,0.0017375099999981103
FIGFDN,127,28,0.0017375099999981103
FIGFAN,127,29,0.001774188000013055
FIGFDN,127,29,0.001774188000013055
FIGFAN,255,0,0.0017210080000040762
FIGFDN,255,0,0.0017210080000040762
FIGFAN,255,1,0.002357652999990023
FIGFDN,255,1,0.002357652999990023
FIGFAN,255,2,0.002295026000069811
FIGFDN,255,2,0.002295026000069811
FIGFAN,255,3,0.0023479249999809326
FIGFDN,255,3,0.0023479249999809326
FIGFAN,255,4,0.0020820459999413288
FIGFDN,255,4,0.0020820459999413288
FIGFAN,255,5,0.0016930470000033893
FIGFDN,255,5,0.0016930470000033893
FIGFAN,255,6,0.0017579469999873254
FIGFDN,255,6,0.0017579469999873254
FIGFAN,255,7,0.001744331999930182
FIGFDN,255,7,0.001744331999930182
FIGFAN,255,8,0.0016756740000118953
FIGFDN,255,8,0.0016756740000118953
FIGFAN,255,9,0.0016830980000577256
FIGFDN,255,9,0.0016830980000577256
FIGFAN,255,10,0.0016837580000128582
FIGFDN,255,10,0.0016837580000128582
FIGFAN,255,11,0.001650746999985131
FIGFDN,255,11,0.001650746999985131
FIGFAN,255,12,0.0016894189999447917
FIGFDN,255,12,0.0016894189999447917
FIGFAN,255,13,0.0016757340000594922
FIGFDN,255,13,0.0016757340000594922
FIGFAN,255,14,0.0016460890000189465
FIGFDN,255,14,0.0016460890000189465
FIGFAN,255,15,0.0016842190000261326
FIGFDN,255,15,0.0016842190000261326
FIGFAN,255,16,0.001694468999971832
FIGFDN,255,16,0.001694468999971832
FIGFAN,255,17,0.0017593100000112827
FIGFDN,255,17,0.0017593100000112827
FIGFAN,255,18,0.0016603640000312225
FIGFDN,255,18,0.0016603640000312225
FIGFAN,255,19,0.0016754229999378367
FIGFDN,255,19,0.0016754229999378367
FIGFAN,255,20,0.0016751520000752862
FIGFDN,255,20,0.0016751520000752862
FIGFAN,255,21,0.0016499660000590666
FIGFDN,255,21,0.0016499660000590666
FIGFAN,255,22,0.0017850389999694016
FIGFDN,255,22,0.0017850389999694016
FIGFAN,255,23,0.0016891090000399345
FIGFDN,255,23,0.0016891090000399345
FIGFAN,255,24,0.0016519790000302237
FIGFDN,255,24,0.0016519790000302237
FIGFAN,255,25,0.0016825069999413245
FIGFDN,255,25,0.0016825069999413245
FIGFAN,255,26,0.0016814649999332687
FIGFDN,255,26,0.0016814649999332687
FIGFAN,255,27,0.0016449560000637575
FIGFDN,255,27,0.0016449560000637575
FIGFAN,255,28,0.0017264880000311678
FIGFDN,255,28,0.0017264880000311678
FIGFAN,255,29,0.0016881980000107433
FIGFDN,255,29,0.0016881980000107433
FIGFAN,511,0,0.0022651299999552066
FIGFDN,511,0,0.0022651299999552066
FIGFAN,511,1,0.002268465000042852
FIGFDN,511,1,0.002268465000042852
FIGFAN,511,2,0.002280238000025747
FIGFDN,511,2,0.002280238000025747
FIGFAN,511,3,0.002225815999963743
FIGFDN,511,3,0.002225815999963743
FIGFAN,511,4,0.002189217000022836
FIGFDN,511,4,0.002189217000022836
FIGFAN,511,5,0.002199735999965924
FIGFDN,511,5,0.002199735999965924
FIGFAN,511,6,0.002196350999952301
FIGFDN,511,6,0.002196350999952301
FIGFAN,511,7,0.0021963000000368993
FIGFDN,511,7,0.0021963000000368993
FIGFAN,511,8,0.0021989549999261726
FIGFDN,511,8,0.0021989549999261726
FIGFAN,511,9,0.002186160999940512
FIGFDN,511,9,0.002186160999940512
FIGFAN,511,10,0.0021892569999408806
FIGFDN,511,10,0.0021892569999408806
FIGFAN,511,11,0.002381818000003477
FIGFDN,511,11,0.002381818000003477
FIGFAN,511,12,0.0024870959999816478
FIGFDN,511,12,0.0024870959999816478
FIGFAN,511,13,0.002197383000066111
FIGFDN,511,13,0.002197383000066111
FIGFAN,511,14,0.002184919000001173
FIGFDN,511,14,0.002184919000001173
FIGFAN,511,15,0.0021695199999385295
FIGFDN,511,15,0.0021695199999385295
FIGFAN,511,16,0.0021872030000622544
FIGFDN,511,16,0.0021872030000622544
FIGFAN,511,17,0.0021760429999631015
FIGFDN,511,17,0.0021760429999631015
FIGFAN,511,18,0.0021792180000375083
FIGFDN,511,18,0.0021792180000375083
FIGFAN,511,19,0.0021807709999848157
FIGFDN,511,19,0.0021807709999848157
FIGFAN,511,20,0.0022012900000163427
FIGFDN,511,20,0.0022012900000163427
FIGFAN,511,21,0.0021983340000133467
FIGFDN,511,21,0.0021983340000133467
FIGFAN,511,22,0.0022127410001075987
FIGFDN,511,22,0.0022127410001075987
FIGFAN,511,23,0.0021727260000261595
FIGFDN,511,23,0.0021727260000261595
FIGFAN,511,24,0.0021633789999668807
FIGFDN,511,24,0.0021633789999668807
FIGFAN,511,25,0.002166805000001659
FIGFDN,511,25,0.002166805000001659
FIGFAN,511,26,0.002166333999980452
FIGFDN,511,26,0.002166333999980452
FIGFAN,511,27,0.002264888000013343
FIGFDN,511,27,0.002264888000013343
FIGFAN,511,28,0.002178177000018877
FIGFDN,511,28,0.002178177000018877
FIGFAN,511,29,0.0021697509999967224
FIGFDN,511,29,0.0021697509999967224
FIGFAN,1023,0,0.0025382720000379777
FIGFDN,1023,0,0.0025382720000379777
FIGFAN,1023,1,0.0024581110000099216
FIGFDN,1023,1,0.0024581110000099216
FIGFAN,1023,2,0.0024497460000247884
FIGFDN,1023,2,0.0024497460000247884
FIGFAN,1023,3,0.0024783589999515243
FIGFDN,1023,3,0.0024783589999515243
FIGFAN,1023,4,0.0024449669999739854
FIGFDN,1023,4,0.0024449669999739854
FIGFAN,1023,5,0.002476736000062374
FIGFDN,1023,5,0.002476736000062374
FIGFAN,1023,6,0.0024395359999971333
FIGFDN,1023,6,0.0024395359999971333
FIGFAN,1023,7,0.0024608869999838134
FIGFDN,1023,7,0.0024608869999838134
FIGFAN,1023,8,0.0024654250000821776
FIGFDN,1023,8,0.0024654250000821776
FIGFAN,1023,9,0.002453973000001497
FIGFDN,1023,9,0.002453973000001497
FIGFAN,1023,10,0.0024695529999689825
FIGFDN,1023,10,0.0024695529999689825
FIGFAN,1023,11,0.002474292000101741
FIGFDN,1023,11,0.002474292000101741
FIGFAN,1023,12,0.0026974099999961254
FIGFDN,1023,12,0.0026974099999961254
FIGFAN,1023,13,0.0024660070000663836
FIGFDN,1023,13,0.0024660070000663836
FIGFAN,1023,14,0.0039059270000052493
FIGFDN,1023,14,0.0039059270000052493
FIGFAN,1023,15,0.0024679500000956978
FIGFDN,1023,15,0.0024679500000956978
FIGFAN,1023,16,0.002585731000067426
FIGFDN,1023,16,0.002585731000067426
FIGFAN,1023,17,0.0024351790000309848
FIGFDN,1023,17,0.0024351790000309848
FIGFAN,1023,18,0.002458111999999346
FIGFDN,1023,18,0.002458111999999346
FIGFAN,1023,19,0.002523483999993914
FIGFDN,1023,19,0.002523483999993914
FIGFAN,1023,20,0.0024562080000123387
FIGFDN,1023,20,0.0024562080000123387
FIGFAN,1023,21,0.0024428420000504047
FIGFDN,1023,21,0.0024428420000504047
FIGFAN,1023,22,0.002475784000012027
FIGFDN,1023,22,0.002475784000012027
FIGFAN,1023,23,0.002429598000048827
FIGFDN,1023,23,0.002429598000048827
FIGFAN,1023,24,0.0024413400000184993
FIGFDN,1023,24,0.0024413400000184993
FIGFAN,1023,25,0.0024799620000521827
FIGFDN,1023,25,0.0024799620000521827
FIGFAN,1023,26,0.0024434340000425436
FIGFDN,1023,26,0.0024434340000425436
FIGFAN,1023,27,0.0024675590000242664
FIGFDN,1023,27,0.0024675590000242664
FIGFAN,1023,28,0.0024283559999958015
FIGFDN,1023,28,0.0024283559999958015
FIGFAN,1023,29,0.0024414499999920736
FIGFDN,1023,29,0.0024414499999920736
FIGFAN,2047,0,0.0045688410000366275
FIGFDN,2047,0,0.0045688410000366275
FIGFAN,2047,1,0.007571213999995052
FIGFDN,2047,1,0.007571213999995052
FIGFAN,2047,2,0.007813263000002735
FIGFDN,2047,2,0.007813263000002735
FIGFAN,2047,3,0.0048046830000885166
FIGFDN,2047,3,0.0048046830000885166
FIGFAN,2047,4,0.004498038000065208
FIGFDN,2047,4,0.004498038000065208
FIGFAN,2047,5,0.004666384999950424
FIGFDN,2047,5,0.004666384999950424
FIGFAN,2047,6,0.004430050999985724
FIGFDN,2047,6,0.004430050999985724
FIGFAN,2047,7,0.004393933000073957
FIGFDN,2047,7,0.004393933000073957
FIGFAN,2047,8,0.004388433000031
FIGFDN,2047,8,0.004388433000031
FIGFAN,2047,9,0.004405385000040951
FIGFDN,2047,9,0.004405385000040951
FIGFAN,2047,10,0.004761862999998812
FIGFDN,2047,10,0.004761862999998812
FIGFAN,2047,11,0.004408159000035994
FIGFDN,2047,11,0.004408159000035994
FIGFAN,2047,12,0.004419891999987158
FIGFDN,2047,12,0.004419891999987158
FIGFAN,2047,13,0.004419922000010956
FIGFDN,2047,13,0.004419922000010956
FIGFAN,2047,14,0.004402318000074956
FIGFDN,2047,14,0.004402318000074956
FIGFAN,2047,15,0.004417727000031846
FIGFDN,2047,15,0.004417727000031846
FIGFAN,2047,16,0.004401056000006065
FIGFDN,2047,16,0.004401056000006065
FIGFAN,2047,17,0.004388122000023031
FIGFDN,2047,17,0.004388122000023031
FIGFAN,2047,18,0.0044547469999542955
FIGFDN,2047,18,0.0044547469999542955
FIGFAN,2047,19,0.004450668999993468
FIGFDN,2047,19,0.004450668999993468
FIGFAN,2047,20,0.0044388169999365346
FIGFDN,2047,20,0.0044388169999365346
FIGFAN,2047,21,0.004400536000048305
FIGFDN,2047,21,0.004400536000048305
FIGFAN,2047,22,0.004595117999997456
FIGFDN,2047,22,0.004595117999997456
FIGFAN,2047,23,0.00446166999995512
FIGFDN,2047,23,0.00446166999995512
FIGFAN,2047,24,0.004446680999990349
FIGFDN,2047,24,0.004446680999990349
FIGFAN,2047,25,0.004421174000071915
FIGFDN,2047,25,0.004421174000071915
FIGFAN,2047,26,0.004450668999993468
FIGFDN,2047,26,0.004450668999993468
FIGFAN,2047,27,0.004418740000005528
FIGFDN,2047,27,0.004418740000005528
FIGFAN,2047,28,0.004422287000011238
FIGFDN,2047,28,0.004422287000011238
FIGFAN,2047,29,0.004448795000030259
FIGFDN,2047,29,0.004448795000030259
FIGFAN,4095,0,0.005878078000023379
FIGFDN,4095,0,0.005878078000023379
FIGFAN,4095,1,0.005611377000036555
FIGFDN,4095,1,0.005611377000036555
FIGFAN,4095,2,0.00538631400002032
FIGFDN,4095,2,0.00538631400002032
FIGFAN,4095,3,0.005255970999996862
FIGFDN,4095,3,0.005255970999996862
FIGFAN,4095,4,0.005402775999982623
FIGFDN,4095,4,0.005402775999982623
FIGFAN,4095,5,0.005297037999980603
FIGFDN,4095,5,0.005297037999980603
FIGFAN,4095,6,0.005396653999923728
FIGFDN,4095,6,0.005396653999923728
FIGFAN,4095,7,0.0052887210000562845
FIGFDN,4095,7,0.0052887210000562845
FIGFAN,4095,8,0.005343894999896293
FIGFDN,4095,8,0.005343894999896293
FIGFAN,4095,9,0.005245760999969207
FIGFDN,4095,9,0.005245760999969207
FIGFAN,4095,10,0.005407805000004373
FIGFDN,4095,10,0.005407805000004373
FIGFAN,4095,11,0.00525046999996448
FIGFDN,4095,11,0.00525046999996448
FIGFAN,4095,12,0.005839304000005541
FIGFDN,4095,12,0.005839304000005541
FIGFAN,4095,13,0.0052759879999939585
FIGFDN,4095,13,0.0052759879999939585
FIGFAN,4095,14,0.005427812999982962
FIGFDN,4095,14,0.005427812999982962
FIGFAN,4095,15,0.005320051000012427
FIGFDN,4095,15,0.005320051000012427
FIGFAN,4095,16,0.0053329439999743045
FIGFDN,4095,16,0.0053329439999743045
FIGFAN,4095,17,0.005269906000080482
FIGFDN,4095,17,0.005269906000080482
FIGFAN,4095,18,0.005398597999942467
FIGFDN,4095,18,0.005398597999942467
FIGFAN,4095,19,0.005271910000033131
FIGFDN,4095,19,0.005271910000033131
FIGFAN,4095,20,0.005358903000001192
FIGFDN,4095,20,0.005358903000001192
FIGFAN,4095,21,0.00528009499998916
FIGFDN,4095,21,0.00528009499998916
FIGFAN,4095,22,0.00535082799990505
FIGFDN,4095,22,0.00535082799990505
FIGFAN,4095,23,0.00525127099990641
FIGFDN,4095,23,0.00525127099990641
FIGFAN,4095,24,0.005386324999903991
FIGFDN,4095,24,0.005386324999903991
FIGFAN,4095,25,0.005273944000009578
FIGFDN,4095,25,0.005273944000009578
FIGFAN,4095,26,0.005376676999958363
FIGFDN,4095,26,0.005376676999958363
FIGFAN,4095,27,0.005400010000016664
FIGFDN,4095,27,0.005400010000016664
FIGFAN,4095,28,0.006297142999983407
FIGFDN,4095,28,0.006297142999983407
FIGFAN,4095,29,0.006134107999969274
FIGFDN,4095,29,0.006134107999969274
PWC,15,0,0.0012641009999470043
PWC,15,1,0.001189190999980383
PWC,15,2,0.0011067570000022897
PWC,15,3,0.0010889129999895886
PWC,15,4,0.0010904160000109187
PWC,15,5,0.0010803569999779938
PWC,15,6,0.0010861480000130541
PWC,15,7,0.0010934019999240263
PWC,15,8,0.0011056539999572124
PWC,15,9,0.0010994220000384303
PWC,15,10,0.0011019069999065323
PWC,15,11,0.0010854870000684969
PWC,15,12,0.0010801870000705094
PWC,15,13,0.001079795999999078
PWC,15,14,0.0010835929999757354
PWC,15,15,0.0010916869999846313
PWC,15,16,0.001084192999996958
PWC,15,17,0.0010878110000476227
PWC,15,18,0.0010905460000003586
PWC,15,19,0.0010890429999790285
PWC,15,20,0.0010890029999472972
PWC,15,21,0.001103230000012445
PWC,15,22,0.0010963070000116204
PWC,15,23,0.0010933510000086244
PWC,15,24,0.001083752999988974
PWC,15,25,0.0010855960000526466
PWC,15,26,0.0010861880000447854
PWC,15,27,0.0010883820000344713
PWC,15,28,0.0010856270000658697
PWC,15,29,0.0010800359999620923
PWC,31,0,0.0011705050000045958
PWC,31,1,0.0011582129999396784
PWC,31,2,0.0011299699999653967
PWC,31,3,0.0011480640000627318
PWC,31,4,0.0011249210000414678
PWC,31,5,0.0011304109999628054
PWC,31,6,0.0011336660001006749
PWC,31,7,0.0011139700000057928
PWC,31,8,0.0011277959999915765
PWC,31,9,0.0011156929999742715
PWC,31,10,0.0011147709999477229
PWC,31,11,0.0011427540000568115
PWC,31,12,0.0011220760000014707
PWC,31,13,0.0011269039999888264
PWC,31,14,0.0011263840000310665
PWC,31,15,0.0011216340000146374
PWC,31,16,0.0011192500001016015
PWC,31,17,0.001128687000004902
PWC,31,18,0.0011144210000111343
PWC,31,19,0.0011385060000748126
PWC,31,20,0.0011554279999472783
PWC,31,21,0.0011311819999946238
PWC,31,22,0.0011257719999093752
PWC,31,23,0.0011342779999949926
PWC,31,24,0.001127635999978338
PWC,31,25,0.001126934000012625
PWC,31,26,0.001361664999990353
PWC,31,27,0.0011398279999639271
PWC,31,28,0.001120853000088573
PWC,31,29,0.001121562999969683
PWC,63,0,0.001177248999965741
PWC,63,1,0.0011542749999762236
PWC,63,2,0.0011776090000239492
PWC,63,3,0.0011425640000197745
PWC,63,4,0.0011427740000726772
PWC,63,5,0.0011422730000276715
PWC,63,6,0.0011299490000737933
PWC,63,7,0.0011399779999692328
PWC,63,8,0.0011379540000007182
PWC,63,9,0.0011608370000431023
PWC,63,10,0.0011449579999407433
PWC,63,11,0.0011411909999878844
PWC,63,12,0.0011346589999448042
PWC,63,13,0.0011276860000180022
PWC,63,14,0.0011319739999180456
PWC,63,15,0.001130250999949567
PWC,63,16,0.0011539749999656124
PWC,63,17,0.001136973000029684
PWC,63,18,0.00113781499999277
PWC,63,19,0.001144236999948589
PWC,63,20,0.0011365420000402082
PWC,63,21,0.001140480000003663
PWC,63,22,0.0011331760000530267
PWC,63,23,0.0011616790000061883
PWC,63,24,0.0011531830000421905
PWC,63,25,0.001138005000029807
PWC,63,26,0.0011355699999739954
PWC,63,27,0.0011419119999800387
PWC,63,28,0.001199720999920828
PWC,63,29,0.0011372940000455856
PWC,127,0,0.001481829999988804
PWC,127,1,0.0014637360000051558
PWC,127,2,0.001433129000020017
PWC,127,3,0.0014520740000989463
PWC,127,4,0.0014407019999680415
PWC,127,5,0.0014232390000188389
PWC,127,6,0.001454028000011931
PWC,127,7,0.0014265460000615349
PWC,127,8,0.001448606999929325
PWC,127,9,0.0014263260000006994
PWC,127,10,0.0014503109999850494
PWC,127,11,0.0015002750000121523
PWC,127,12,0.0014584670000203914
PWC,127,13,0.001427387999910934
PWC,127,14,0.0014293010000301365
PWC,127,15,0.0014510920000248007
PWC,127,16,0.0014191920000712344
PWC,127,17,0.0015399389999402047
PWC,127,18,0.0014398609999943801
PWC,127,19,0.0014584259999992355
PWC,127,20,0.0014217270000926874
PWC,127,21,0.0014484469999160865
PWC,127,22,0.0014328080000041155
PWC,127,23,0.0014238410000189106
PWC,127,24,0.00146519800000533
PWC,127,25,0.001433347999977741
PWC,127,26,0.0014539570000806634
PWC,127,27,0.0014189820000183317
PWC,127,28,0.001454158000001371
PWC,127,29,0.001420304000021133
PWC,255,0,0.0013969499999575419
PWC,255,1,0.0013762219999762237
PWC,255,2,0.0013355349999528698
PWC,255,3,0.001326979000054962
PWC,255,4,0.0013517060000367564
PWC,255,5,0.0013253560000521247
PWC,255,6,0.0013293930001054832
PWC,255,7,0.0013523369999575152
PWC,255,8,0.0013353340000321623
PWC,255,9,0.0013324000000238811
PWC,255,10,0.001376262000007955
PWC,255,11,0.0013250060000018493
PWC,255,12,0.0013465259999065893
PWC,255,13,0.0013425880000568213
PWC,255,14,0.001328903000057835
PWC,255,15,0.0013549220000186324
PWC,255,16,0.0013306260000263137
PWC,255,17,0.0013244450000229335
PWC,255,18,0.001353859999994711
PWC,255,19,0.0013279010000815106
PWC,255,20,0.001326437999978225
PWC,255,21,0.0013474879999648692
PWC,255,22,0.0013391119999823786
PWC,255,23,0.001323133000028065
PWC,255,24,0.001354850999973678
PWC,255,25,0.0013281309999229052
PWC,255,26,0.0013264479999861578
PWC,255,27,0.001353087999973468
PWC,255,28,0.0013358549999793468
PWC,255,29,0.0013281609999467037
PWC,511,0,0.001907728999981373
PWC,511,1,0.001832747999969797
PWC,511,2,0.0018546689999539012
PWC,511,3,0.0019951429999309767
PWC,511,4,0.0018639569999550076
PWC,511,5,0.0018598999999994703
PWC,511,6,0.002016072000060376
PWC,511,7,0.0018583959999887156
PWC,511,8,0.001874286000088432
PWC,511,9,0.0018689160000349148
PWC,511,10,0.0018005580000135524
PWC,511,11,0.001904332000094655
PWC,511,12,0.0019143609999900946
PWC,511,13,0.0018784239999831698
PWC,511,14,0.0018458219999502035
PWC,511,15,0.0018759590000172466
PWC,511,16,0.001837407000039093
PWC,511,17,0.001851785000098971
PWC,511,18,0.0018178499999521591
PWC,511,19,0.0018284600000697537
PWC,511,20,0.00190630700001293
PWC,511,21,0.0018443999999817606
PWC,511,22,0.0018780230000174924
PWC,511,23,0.0018511330000592352
PWC,511,24,0.00222885099992709
PWC,511,25,0.0018495000000484652
PWC,511,26,0.0018249829998921996
PWC,511,27,0.0018235009999898466
PWC,511,28,0.0018382080000947099
PWC,511,29,0.0018329679999169457
PWC,1023,0,0.0021613950000300974
PWC,1023,1,0.0021272699999599354
PWC,1023,2,0.0020732090000592507
PWC,1023,3,0.002102433999993991
PWC,1023,4,0.0020628400000077818
PWC,1023,5,0.002089540000042689
PWC,1023,6,0.00290576100007911
PWC,1023,7,0.0021079240000290156
PWC,1023,8,0.0021032460000469655
PWC,1023,9,0.0021139850000508886
PWC,1023,10,0.0025070930000765657
PWC,1023,11,0.004473191999977644
PWC,1023,12,0.004491805999919052
PWC,1023,13,0.0031395799999245355
PWC,1023,14,0.0021181029999297607
PWC,1023,15,0.0021150080000325033
PWC,1023,16,0.002064643000039723
PWC,1023,17,0.002088608999997632
PWC,1023,18,0.0020588930000258188
PWC,1023,19,0.0020601850000048216
PWC,1023,20,0.002065365000021302
PWC,1023,21,0.002065786000002845
PWC,1023,22,0.0020681299999978364
PWC,1023,23,0.0020576000000573913
PWC,1023,24,0.0020550650000359383
PWC,1023,25,0.0020634610000342946
PWC,1023,26,0.0021033159999888085
PWC,1023,27,0.0020583809999834557
PWC,1023,28,0.002052559999924597
PWC,1023,29,0.0020491039999797067
PWC,2047,0,0.0041838289999986955
PWC,2047,1,0.004040720000034526
PWC,2047,2,0.004032305000009728
PWC,2047,3,0.004032403999985945
PWC,2047,4,0.0040192200000319644
PWC,2047,5,0.004024219000029916
PWC,2047,6,0.004017417000000023
PWC,2047,7,0.004010654000012437
PWC,2047,8,0.004018879000000197
PWC,2047,9,0.004004251999958797
PWC,2047,10,0.004010462999985975
PWC,2047,11,0.004007948999969813
PWC,2047,12,0.004029119000051651
PWC,2047,13,0.00402209500009576
PWC,2047,14,0.004004963000056705
PWC,2047,15,0.004020421999939572
PWC,2047,16,0.0042485800000804375
PWC,2047,17,0.004249020999964159
PWC,2047,18,0.004137572000104228
PWC,2047,19,0.0040568809999967925
PWC,2047,20,0.004062501000021257
PWC,2047,21,0.004090363000045727
PWC,2047,22,0.004049486999974761
PWC,2047,23,0.00404526900001656
PWC,2047,24,0.004034558999933324
PWC,2047,25,0.004142331000025479
PWC,2047,26,0.00406414400003996
PWC,2047,27,0.0040541559999383026
PWC,2047,28,0.00403680199997325
PWC,2047,29,0.004042474000016227
PWC,4095,0,0.004910060999918642
PWC,4095,1,0.004362254000056964
PWC,4095,2,0.004341995999993742
PWC,4095,3,0.004290728999990279
PWC,4095,4,0.004306609000082062
PWC,4095,5,0.005881654000063463
PWC,4095,6,0.004918908000036026
PWC,4095,7,0.004293254000003799
PWC,4095,8,0.0043138629999930345
PWC,4095,9,0.0043038740000156395
PWC,4095,10,0.004292021999958706
PWC,4095,11,0.0043103149999979
PWC,4095,12,0.004294215999948392
PWC,4095,13,0.004303333000052589
PWC,4095,14,0.004314713999974629
PWC,4095,15,0.004358615999990434
PWC,4095,16,0.004352885999992395
PWC,4095,17,0.00436034999995627
PWC,4095,18,0.00431685799992465
PWC,4095,19,0.004294866999998703
PWC,4095,20,0.004308132000005571
PWC,4095,21,0.004306228000018564
PWC,4095,22,0.004320074000020213
PWC,4095,23,0.004300687999943875
PWC,4095,24,0.00430770200000552
PWC,4095,25,0.004299887000001945
PWC,4095,26,0.004331646000082401
PWC,4095,27,0.004303983999989214
PWC,4095,28,0.004306188999976257
PWC,4095,29,0.004402138000045852
PF,100,0,0.005919093999978031
PF,100,1,0.005719881000004534
PF,100,2,0.006569553999952404
PF,100,3,0.0154176539999753
PF,100,4,0.006057222999970691
PF,100,5,0.004522382999994079
PF,100,6,0.005003787000077864
PF,100,7,0.004014250000068387
PF,100,8,0.005907061000016256
PF,100,9,0.009489181999924767
PF,100,10,0.0050805199999786055
PF,100,11,0.004203514999971958
PF,100,12,0.009353306000093653
PF,100,13,0.004316908000078001
PF,100,14,0.004460648000076617
PF,100,15,0.01720612799999799
PF,100,16,0.00542218199996114
PF,100,17,0.005212457999959952
PF,100,18,0.004902426999933596
PF,100,19,0.004524146999983714
PF,100,20,0.012303682000037952
PF,100,21,0.00590560800003459
PF,100,22,0.006607604999999239
PF,100,23,0.007956626000009237
PF,100,24,0.004759617999980037
PF,100,25,0.006723793999981353
PF,100,26,0.004713933000061843
PF,100,27,0.007092405999969742
PF,100,28,0.012299213000005693
PF,100,29,0.004475925999940955
PF,300,0,0.014228271999968456
PF,300,1,0.013121444999910636
PF,300,2,0.011444910000022901
PF,300,3,0.009950146000051063
PF,300,4,0.013765883999894868
PF,300,5,0.009408248999989155
PF,300,6,0.008935723000035978
PF,300,7,0.009398431000022356
PF,300,8,0.007707959000072151
PF,300,9,0.029512875999898824
PF,300,10,0.010110496999914176
PF,300,11,0.008714438000083646
PF,300,12,0.008258081999997557
PF,300,13,0.027469001999975262
PF,300,14,0.009872269999959826
PF,300,15,0.04335412199998245
PF,300,16,0.013532847000078618
PF,300,17,0.016618045000086568
PF,300,18,0.03532896699994126
PF,300,19,0.006634114999997109
PF,300,20,0.011338389999991705
PF,300,21,0.021951850999926137
PF,300,22,0.01875259900009496
PF,300,23,0.0093378470000971
PF,300,24,0.022099097000022994
PF,300,25,0.006704017000060958
PF,300,26,0.013543798000000606
PF,300,27,0.009196693000035339
PF,300,28,0.024857222000036927
PF,300,29,0.008600063000017144
PF,1000,0,0.018610823000017263
PF,1000,1,0.02864607900005467
PF,1000,2,0.020500999000091724
PF,1000,3,0.04942358799996782
PF,1000,4,0.016457624999929976
PF,1000,5,0.020762128999990637
PF,1000,6,0.02305329700004677
PF,1000,7,0.016549546000078408
PF,1000,8,0.01557265400003871
PF,1000,9,0.024696909999988748
PF,1000,10,0.020625633000008747
PF,1000,11,0.020629269999972166
PF,1000,12,0.02264155499995013
PF,1000,13,0.022130195000045205
PF,1000,14,0.021314174000053754
PF,1000,15,0.021286683999960587
PF,1000,16,0.05473182599996562
PF,1000,17,0.04874048600004244
PF,1000,18,0.01994382299994868
PF,1000,19,0.05910245400002623
PF,1000,20,0.021031483999990996
PF,1000,21,0.02283430700003919
PF,1000,22,0.050015958000017235
PF,1000,23,0.016728461999946376
PF,1000,24,0.043809264999936204
PF,1000,25,0.025441928999953234
PF,1000,26,0.05970760999991853
PF,1000,27,0.05393407899998692
PF,1000,28,0.0567886640000097
PF,1000,29,0.02107693899995411
PF,3000,0,0.04005429100004676
PF,3000,1,0.10113180099995134
PF,3000,2,0.043918049000012616
PF,3000,3,0.0408080649999647
PF,3000,4,0.045671889999994164
PF,3000,5,0.10052972200003296
PF,3000,6,0.06429453500004456
PF,3000,7,0.038717522999945686
PF,3000,8,0.058635107999975844
PF,3000,9,0.045958938000012495
PF,3000,10,0.06935176299998602
PF,3000,11,0.08841120699992189
PF,3000,12,0.1012763820000373
PF,3000,13,0.056324603999996725
PF,3000,14,0.04658781699993142
PF,3000,15,0.0732382429999916
PF,3000,16,0.0627780500000199
PF,3000,17,0.07331168099995011
PF,3000,18,0.07436248200008322
PF,3000,19,0.05235063899999659
PF,3000,20,0.08514969899999869
PF,3000,21,0.06513092399995912
PF,3000,22,0.06533759199999167
PF,3000,23,0.07376033299999563
PF,3000,24,0.04445844399992893
PF,3000,25,0.06172329100002116
PF,3000,26,0.04639118900001904
PF,3000,27,0.04365261099997042
PF,3000,28,0.05715943999996398
PF,3000,29,0.0635825690000047
PF,10000,0,0.1056720580000956
PF,10000,1,0.10721147599997494
PF,10000,2,0.11729080500003874
PF,10000,3,0.1476512909999883
PF,10000,4,0.1311774160000141
PF,10000,5,0.1337378499999886
PF,10000,6,0.14944353300006696
PF,10000,7,0.18268293900007393
PF,10000,8,0.14415419099998417
PF,10000,9,0.15845955700001468
PF,10000,10,0.16037248500003898
PF,10000,11,0.1444425309999815
PF,10000,12,0.12009724900008223
PF,10000,13,0.11570705399992676
PF,10000,14,0.13316422400009742
PF,10000,15,0.12538496900003793
PF,10000,16,0.12411046900001566
PF,10000,17,0.14657778600007987
PF,10000,18,0.10028558400006204
PF,10000,19,0.11062842700005149
PF,10000,20,0.19379971900002602
PF,10000,21,0.14191575600000306
PF,10000,22,0.1305498000000398
PF,10000,23,0.18149447400003282
PF,10000,24,0.12621046900005695
PF,10000,25,0.11856284999998934
PF,10000,26,0.12422269900002902
PF,10000,27,0.15929231799998433
PF,10000,28,0.14152984099996502
PF,10000,29,0.18383564700002353
